[
  {"id": "freddyaboulton/dracula_revamped"},
  {"id": "freddyaboulton/bad-theme-space"},
  {"id": "gradio/dracula_revamped"},
  {"id": "abidlabs/dracula_revamped"},
  {"id": "gradio/dracula_test"},
  {"id": "abidlabs/dracula_test"},
  {"id": "gradio/seafoam"},
  {"id": "gradio/glass"},
  {"id": "gradio/monochrome"},
  {"id": "gradio/soft"},
  {"id": "gradio/default"},
  {"id": "gradio/base"},
  {"id": "abidlabs/pakistan"},
  {"id": "dawood/microsoft_windows"},
  {"id": "ysharma/steampunk"},
  {"id": "ysharma/huggingface"},
  {"id": "gstaff/xkcd"},
  {"id": "JohnSmith9982/small_and_pretty"},
  {"id": "abidlabs/Lime"},
  {"id": "freddyaboulton/this-theme-does-not-exist-2"},
  {"id": "aliabid94/new-theme"},
  {"id": "aliabid94/test2"},
  {"id": "aliabid94/test3"},
  {"id": "aliabid94/test4"},
  {"id": "abidlabs/banana"},
  {"id": "freddyaboulton/test-blue"},
  {"id": "gstaff/sketch"},
  {"id": "gstaff/whiteboard"},
  {"id": "ysharma/llamas"},
  {"id": "abidlabs/font-test"},
  {"id": "YenLai/Superhuman"},
  {"id": "bethecloud/storj_theme"},
  {"id": "sudeepshouche/minimalist"},
  {"id": "knotdgaf/gradiotest"},
  {"id": "ParityError/Interstellar"},
  {"id": "ParityError/Anime"},
  {"id": "Ajaxon6255/Emerald_Isle"},
  {"id": "ParityError/LimeFace"},
  {"id": "finlaymacklon/smooth_slate"},
  {"id": "finlaymacklon/boxy_violet"},
  {"id": "derekzen/stardust"},
  {"id": "EveryPizza/Cartoony-Gradio-Theme"},
  {"id": "Ifeanyi/Cyanister"},
  {"id": "Tshackelton/IBMPlex-DenseReadable"},
  {"id": "snehilsanyal/scikit-learn"},
  {"id": "Himhimhim/xkcd"},
  {"id": "shivi/calm_seafoam"},
  {"id": "nota-ai/theme"},
  {"id": "rawrsor1/Everforest"},
  {"id": "SebastianBravo/simci_css"},
  {"id": "rottenlittlecreature/Moon_Goblin"},
  {"id": "abidlabs/test-yellow"},
  {"id": "abidlabs/test-yellow3"},
  {"id": "idspicQstitho/dracula_revamped"},
  {"id": "kfahn/AnimalPose"},
  {"id": "HaleyCH/HaleyCH_Theme"},
  {"id": "simulKitke/dracula_test"},
  {"id": "braintacles/CrimsonNight"},
  {"id": "wentaohe/whiteboardv2"},
  {"id": "reilnuud/polite"},
  {"id": "remilia/Ghostly"},
  {"id": "Franklisi/darkmode"},
  {"id": "coding-alt/soft"},
  {"id": "xiaobaiyuan/theme_land"},
  {"id": "step-3-profit/Midnight-Deep"},
  {"id": "xiaobaiyuan/theme_demo"},
  {"id": "Taithrah/Minimal"},
  {"id": "Insuz/SimpleIndigo"},
  {"id": "zkunn/Alipay_Gradio_theme"},
  {"id": "Insuz/Mocha"},
  {"id": "xiaobaiyuan/theme_brief"},
  {"id": "Ama434/434-base-Barlow"},
  {"id": "Ama434/def_barlow"},
  {"id": "Ama434/neutral-barlow"},
  {"id": "dawood/dracula_test"},
  {"id": "nuttea/Softblue"},
  {"id": "BlueDancer/Alien_Diffusion"},
  {"id": "naughtondale/monochrome"},
  {"id": "Dagfinn1962/standard"}
]